{"cameraMode":{"drawMode":0,"name":"Shaded","section":"Shading Mode"},"sceneLighting":true,"audioPlay":false,"sceneViewState":{"showFog":true,"showMaterialUpdate":false,"showSkybox":true,"showFlares":true,"showImageEffects":true,"showParticleSystems":true,"showVisualEffectGraphs":true},"in2DMode":false,"pivot":{"x":0.4113461971282959,"y":3.9439263343811037,"z":-0.007471316494047642},"rotation":{"x":-0.07845116406679154,"y":0.7035737633705139,"z":-0.07863961905241013,"w":-0.7018885612487793},"size":8.194438934326172,"orthographic":false}