{"cameraMode":{"drawMode":0,"name":"Shaded","section":"Shading Mode"},"sceneLighting":true,"audioPlay":false,"sceneViewState":{"showFog":true,"showMaterialUpdate":false,"showSkybox":true,"showFlares":true,"showImageEffects":true,"showParticleSystems":true,"showVisualEffectGraphs":true},"in2DMode":false,"pivot":{"x":-0.5886813402175903,"y":-5.980796813964844,"z":13.22540283203125},"rotation":{"x":0.21439829468727113,"y":-0.01692124642431736,"z":0.0037291834596544506,"w":0.9766029715538025},"size":14.338403701782227,"orthographic":false}