{"cameraMode":{"drawMode":0,"name":"Shaded","section":"Shading Mode"},"sceneLighting":true,"audioPlay":false,"sceneViewState":{"showFog":true,"showMaterialUpdate":false,"showSkybox":true,"showFlares":true,"showImageEffects":true,"showParticleSystems":true,"showVisualEffectGraphs":true},"in2DMode":false,"pivot":{"x":1.0793237686157227,"y":5.074489593505859,"z":-1.5535812377929688},"rotation":{"x":-0.1762843132019043,"y":0.033064186573028567,"z":-0.005930307321250439,"w":-0.9837734699249268},"size":7.619537353515625,"orthographic":false}