{"cameraMode":{"drawMode":0,"name":"Shaded","section":"Shading Mode"},"sceneLighting":true,"audioPlay":false,"sceneViewState":{"showFog":true,"showMaterialUpdate":false,"showSkybox":true,"showFlares":true,"showImageEffects":true,"showParticleSystems":true,"showVisualEffectGraphs":true},"in2DMode":false,"pivot":{"x":-2.3646135330200197,"y":-3.558480739593506,"z":-0.4316346049308777},"rotation":{"x":0.36313968896865847,"y":-0.5928075313568115,"z":0.33993422985076907,"w":0.633404016494751},"size":7.303540229797363,"orthographic":false}