{"cameraMode":{"drawMode":0,"name":"Shaded","section":"Shading Mode"},"sceneLighting":true,"audioPlay":false,"sceneViewState":{"showFog":true,"showMaterialUpdate":false,"showSkybox":true,"showFlares":true,"showImageEffects":true,"showParticleSystems":true,"showVisualEffectGraphs":true},"in2DMode":false,"pivot":{"x":-0.2664405107498169,"y":-4.467041015625,"z":2.041555643081665},"rotation":{"x":-0.09429270029067993,"y":-0.0612698532640934,"z":0.005780148319900036,"w":-0.9936692714691162},"size":4.153245449066162,"orthographic":false}