{"cameraMode":{"drawMode":0,"name":"Shaded","section":"Shading Mode"},"sceneLighting":true,"audioPlay":false,"sceneViewState":{"showFog":true,"showMaterialUpdate":false,"showSkybox":true,"showFlares":true,"showImageEffects":true,"showParticleSystems":true,"showVisualEffectGraphs":true},"in2DMode":false,"pivot":{"x":-552.1061401367188,"y":-2.893728494644165,"z":0.3881809711456299},"rotation":{"x":0.10762244462966919,"y":-0.5133143067359924,"z":0.06509136408567429,"w":0.8489549160003662},"size":4.862059593200684,"orthographic":false}