{"cameraMode":{"drawMode":0,"name":"Shaded","section":"Shading Mode"},"sceneLighting":true,"audioPlay":false,"sceneViewState":{"showFog":true,"showMaterialUpdate":false,"showSkybox":true,"showFlares":true,"showImageEffects":true,"showParticleSystems":true,"showVisualEffectGraphs":true},"in2DMode":false,"pivot":{"x":-0.6772165298461914,"y":-4.405949115753174,"z":2.157130718231201},"rotation":{"x":0.05066830664873123,"y":-0.005394204054027796,"z":-0.00029400098719634116,"w":-0.9987212419509888},"size":4.452332496643066,"orthographic":false}