{"cameraMode":{"drawMode":0,"name":"Shaded","section":"Shading Mode"},"sceneLighting":true,"audioPlay":false,"sceneViewState":{"showFog":true,"showMaterialUpdate":false,"showSkybox":true,"showFlares":true,"showImageEffects":true,"showParticleSystems":true,"showVisualEffectGraphs":true},"in2DMode":false,"pivot":{"x":-0.004669189453125,"y":1.7035738229751588,"z":-0.028909504413604738},"rotation":{"x":0.1256815493106842,"y":-0.03801359981298447,"z":0.004832104314118624,"w":0.9913424849510193},"size":4.292844772338867,"orthographic":false}