{"cameraMode":{"drawMode":0,"name":"Shaded","section":"Shading Mode"},"sceneLighting":true,"audioPlay":false,"sceneViewState":{"showFog":true,"showMaterialUpdate":false,"showSkybox":true,"showFlares":true,"showImageEffects":true,"showParticleSystems":true,"showVisualEffectGraphs":true},"in2DMode":false,"pivot":{"x":-0.10169138014316559,"y":3.3730766773223879,"z":-3.624778985977173},"rotation":{"x":0.1937645971775055,"y":0.03302980586886406,"z":-0.006513225845992565,"w":0.9804838299751282},"size":4.292844772338867,"orthographic":false}