{"cameraMode":{"drawMode":0,"name":"Shaded","section":"Shading Mode"},"sceneLighting":true,"audioPlay":false,"sceneViewState":{"showFog":true,"showMaterialUpdate":false,"showSkybox":true,"showFlares":true,"showImageEffects":true,"showParticleSystems":true,"showVisualEffectGraphs":true},"in2DMode":false,"pivot":{"x":0.008190453052520752,"y":1.556203842163086,"z":-10.175172805786133},"rotation":{"x":-0.06625481694936753,"y":-0.01586749404668808,"z":0.0010387859074398876,"w":-0.997694194316864},"size":5.133830547332764,"orthographic":false}