{"cameraMode":{"drawMode":0,"name":"Shaded","section":"Shading Mode"},"sceneLighting":true,"audioPlay":false,"sceneViewState":{"showFog":true,"showMaterialUpdate":false,"showSkybox":true,"showFlares":true,"showImageEffects":true,"showParticleSystems":true,"showVisualEffectGraphs":true},"in2DMode":false,"pivot":{"x":-0.0004576742649078369,"y":2.4273149967193605,"z":0.12902069091796876},"rotation":{"x":-0.08421008288860321,"y":-0.006879266817122698,"z":0.0005623148172162473,"w":-0.9964430332183838},"size":12.0,"orthographic":false}