{"cameraMode":{"drawMode":0,"name":"Shaded","section":"Shading Mode"},"sceneLighting":true,"audioPlay":false,"sceneViewState":{"showFog":true,"showMaterialUpdate":false,"showSkybox":true,"showFlares":true,"showImageEffects":true,"showParticleSystems":true,"showVisualEffectGraphs":true},"in2DMode":false,"pivot":{"x":0.5926628708839417,"y":-1.4533019065856934,"z":1.317464828491211},"rotation":{"x":0.04659068211913109,"y":-0.006819100584834814,"z":0.00035234412644058466,"w":0.9989147782325745},"size":3.788010835647583,"orthographic":false}