{"cameraMode":{"drawMode":0,"name":"Shaded","section":"Shading Mode"},"sceneLighting":true,"audioPlay":false,"sceneViewState":{"showFog":true,"showMaterialUpdate":false,"showSkybox":true,"showFlares":true,"showImageEffects":true,"showParticleSystems":true,"showVisualEffectGraphs":true},"in2DMode":false,"pivot":{"x":3.827725648880005,"y":1.8253490924835206,"z":8.477508544921875},"rotation":{"x":0.04499758780002594,"y":0.06506089866161347,"z":-0.0029218867421150209,"w":0.9968753457069397},"size":17.927288055419923,"orthographic":false}