{"cameraMode":{"drawMode":0,"name":"Shaded","section":"Shading Mode"},"sceneLighting":true,"audioPlay":false,"sceneViewState":{"showFog":true,"showMaterialUpdate":false,"showSkybox":true,"showFlares":true,"showImageEffects":true,"showParticleSystems":true,"showVisualEffectGraphs":true},"in2DMode":false,"pivot":{"x":0.5540494918823242,"y":5.241178512573242,"z":1.5433945655822755},"rotation":{"x":-0.11142253130674362,"y":0.7303338646888733,"z":-0.12283627688884735,"w":-0.6626935601234436},"size":7.003580570220947,"orthographic":false}