{"cameraMode":{"drawMode":0,"name":"Shaded","section":"Shading Mode"},"sceneLighting":false,"audioPlay":false,"sceneViewState":{"showFog":true,"showMaterialUpdate":false,"showSkybox":false,"showFlares":true,"showImageEffects":true,"showParticleSystems":true,"showVisualEffectGraphs":true},"in2DMode":false,"pivot":{"x":0.004174351692199707,"y":0.8126966953277588,"z":-0.002421826124191284},"rotation":{"x":0.04659068211913109,"y":-0.006819100584834814,"z":0.00035234412644058466,"w":0.9989147782325745},"size":1.6769790649414063,"orthographic":false}