{"cameraMode":{"drawMode":0,"name":"Shaded","section":"Shading Mode"},"sceneLighting":false,"audioPlay":false,"sceneViewState":{"showFog":true,"showMaterialUpdate":false,"showSkybox":false,"showFlares":true,"showImageEffects":true,"showParticleSystems":true,"showVisualEffectGraphs":true},"in2DMode":false,"pivot":{"x":-0.0046689510345458988,"y":2.115593910217285,"z":-0.02891010046005249},"rotation":{"x":0.05066830664873123,"y":-0.005394204054027796,"z":-0.00029400098719634116,"w":-0.9987212419509888},"size":2.689176559448242,"orthographic":false}